key,url,точное_место
сервис нумерологии онлайн,/,H1
нумерология по дате рождения,/,H2
расчет по дате рождения онлайн,/,абзац
число судьбы расчет,/,абзац
предназначение по дате рождения,/,H3
денежный код по дате рождения,/,абзац
матрица личности по дате,/,абзац
совместимость по дате рождения,/,абзац
нумерология для карьеры,/,абзац
нумерология для бизнеса,/,абзац
нумерология для отношений,/,абзац
нумерология для саморазвития,/,абзац
нумерология и цели,/,абзац
нумерология и привычки,/,абзац
нумерология и энергия,/,абзац
нумерология и ресурс,/,абзац
нумерология и стресс,/,абзац
нумерология и доход,/,абзац
нумерология без мистики,/,FAQ
ии нумеролог онлайн,/,FAQ
натальная карта альтернатива,/,FAQ
альтернативный формат нумерология + ии,/,FAQ
разбор личности по дате,/,абзац
нумерологический отчет онлайн,/,абзац
быстрый разбор по дате,/,абзац
интерпретация числа судьбы,/,абзац
онлайн нумерология в telegram,/,абзац
личный разбор по дате рождения,/,абзац
нумерологический бот telegram,/,абзац
цифровой портрет личности,/,абзац
цены на нумерологию,/prices/,H1
тарифы нумерологии,/prices/,H2
нумерология стоимость разбора,/prices/,абзац
разбор силы цена,/prices/,таблица
разбор денег цена,/prices/,таблица
разбор пути цена,/prices/,таблица
сколько стоит нумерология,/prices/,FAQ
нумерология пакет услуг,/prices/,абзац
нумерология тариф telegram,/prices/,абзац
купить нумерологический разбор,/prices/,абзац
заказать разбор по дате,/prices/,абзац
оплата нумерологии онлайн,/prices/,FAQ
цена разбора личности,/prices/,таблица
цена финансового разбора,/prices/,таблица
цена разбора предназначения,/prices/,таблица
подбор тарифа нумерологии,/prices/,абзац
сравнение тарифов нумерологии,/prices/,таблица
выбрать тариф нумерология,/prices/,абзац
стоимость отчета по дате,/prices/,абзац
актуальные цены нумерология,/prices/,абзац
faq нумерология,/faq/,H1
вопросы по нумерологии,/faq/,H2
как работает нумерология онлайн,/faq/,FAQ
как считать число судьбы,/faq/,FAQ
как узнать предназначение,/faq/,FAQ
натальная карта или нумерология,/faq/,FAQ
чем отличается натальная карта,/faq/,FAQ
нумерология с искусственным интеллектом,/faq/,FAQ
нумерология безопасно,/faq/,FAQ
нумерология конфиденциальность,/faq/,FAQ
нумерология точность,/faq/,FAQ
нумерология для новичков,/faq/,FAQ
нумерология для взрослых,/faq/,FAQ
нумерология для семьи,/faq/,FAQ
нумерология консультация онлайн,/faq/,FAQ
нумерология ответы на вопросы,/faq/,FAQ
нумерология обратная связь,/faq/,FAQ
нумерология формат отчета,/faq/,FAQ
нумерология после оплаты,/faq/,FAQ
нумерология сроки отчета,/faq/,FAQ
статьи по нумерологии,/articles/,H1
блог нумерологии,/articles/,H2
материалы по числу судьбы,/articles/,абзац
статья про предназначение,/articles/,абзац
статья про деньги по дате,/articles/,абзац
статья про совместимость,/articles/,абзац
статья про личный год,/articles/,абзац
статья про личный месяц,/articles/,абзац
статья про личный день,/articles/,абзац
гид по нумерологии,/articles/,абзац
практика нумерологии,/articles/,абзац
кейсы нумерологии,/articles/,абзац
разбор примеры нумерология,/articles/,абзац
ошибки в нумерологии,/articles/,абзац
термины нумерологии,/articles/,абзац
нумерология словарь,/articles/,абзац
нумерология обучение,/articles/,абзац
нумерология инструменты,/articles/,абзац
нумерология калькулятор,/articles/,абзац
нумерология план чтения,/articles/,абзац
seo ключи нумерология,/,таблица
кластер натальная карта,/faq/,FAQ
кластер число судьбы,/,H2
кластер предназначение,/articles/,H3
кластер деньги,/prices/,H3
кластер личность,/,H3
кластер совместимость,/articles/,H3
кластер карьера,/prices/,H3
кластер faq,/faq/,H2
кластер статьи,/articles/,H2
